PhaseName,Sequence,MetricValue,MetricName,Tool,Iteration,CaseName,RunIndex,Size,Scenario
EMFResourceInitialization,1,203099,Time,BATCH_VIATRA_QUERY_RETE-TEMPLATE,1,StatisticBasedCase,3,32,BasicXform
EMFResourceInitialization,1,11530064,Memory,BATCH_VIATRA_QUERY_RETE-TEMPLATE,1,StatisticBasedCase,3,32,BasicXform
Generation,2,9051495445,Time,BATCH_VIATRA_QUERY_RETE-TEMPLATE,1,StatisticBasedCase,3,32,BasicXform
Generation,2,334647904,Memory,BATCH_VIATRA_QUERY_RETE-TEMPLATE,1,StatisticBasedCase,3,32,BasicXform
Initialization,3,1204441312,Time,BATCH_VIATRA_QUERY_RETE-TEMPLATE,1,StatisticBasedCase,3,32,BasicXform
Initialization,3,216280504,Memory,BATCH_VIATRA_QUERY_RETE-TEMPLATE,1,StatisticBasedCase,3,32,BasicXform
Initialization,3,616908216,AverageMemory,BATCH_VIATRA_QUERY_RETE-TEMPLATE,1,StatisticBasedCase,3,32,BasicXform
Initialization,3,1001035616,PeakMemory,BATCH_VIATRA_QUERY_RETE-TEMPLATE,1,StatisticBasedCase,3,32,BasicXform
M2MTransformation1,4,300508638,Time,BATCH_VIATRA_QUERY_RETE-TEMPLATE,1,StatisticBasedCase,3,32,BasicXform
M2MTransformation1,4,253774032,Memory,BATCH_VIATRA_QUERY_RETE-TEMPLATE,1,StatisticBasedCase,3,32,BasicXform
M2MTransformation1,4,365626848,AverageMemory,BATCH_VIATRA_QUERY_RETE-TEMPLATE,1,StatisticBasedCase,3,32,BasicXform
M2MTransformation1,4,493777992,PeakMemory,BATCH_VIATRA_QUERY_RETE-TEMPLATE,1,StatisticBasedCase,3,32,BasicXform
Modification,5,738218,Time,BATCH_VIATRA_QUERY_RETE-TEMPLATE,1,StatisticBasedCase,3,32,BasicXform
Modification,5,253791240,Memory,BATCH_VIATRA_QUERY_RETE-TEMPLATE,1,StatisticBasedCase,3,32,BasicXform
M2MTransformation2,6,547523956,Time,BATCH_VIATRA_QUERY_RETE-TEMPLATE,1,StatisticBasedCase,3,32,BasicXform
M2MTransformation2,6,253803584,Memory,BATCH_VIATRA_QUERY_RETE-TEMPLATE,1,StatisticBasedCase,3,32,BasicXform
M2MTransformation2,6,424473944,AverageMemory,BATCH_VIATRA_QUERY_RETE-TEMPLATE,1,StatisticBasedCase,3,32,BasicXform
M2MTransformation2,6,552485424,PeakMemory,BATCH_VIATRA_QUERY_RETE-TEMPLATE,1,StatisticBasedCase,3,32,BasicXform
Modification,7,491524,Time,BATCH_VIATRA_QUERY_RETE-TEMPLATE,2,StatisticBasedCase,3,32,BasicXform
Modification,7,253819008,Memory,BATCH_VIATRA_QUERY_RETE-TEMPLATE,2,StatisticBasedCase,3,32,BasicXform
M2MTransformation2,8,515848138,Time,BATCH_VIATRA_QUERY_RETE-TEMPLATE,2,StatisticBasedCase,3,32,BasicXform
M2MTransformation2,8,253829928,Memory,BATCH_VIATRA_QUERY_RETE-TEMPLATE,2,StatisticBasedCase,3,32,BasicXform
M2MTransformation2,8,424501768,AverageMemory,BATCH_VIATRA_QUERY_RETE-TEMPLATE,2,StatisticBasedCase,3,32,BasicXform
M2MTransformation2,8,552513304,PeakMemory,BATCH_VIATRA_QUERY_RETE-TEMPLATE,2,StatisticBasedCase,3,32,BasicXform
Modification,9,470508,Time,BATCH_VIATRA_QUERY_RETE-TEMPLATE,3,StatisticBasedCase,3,32,BasicXform
Modification,9,253845992,Memory,BATCH_VIATRA_QUERY_RETE-TEMPLATE,3,StatisticBasedCase,3,32,BasicXform
M2MTransformation2,10,499501500,Time,BATCH_VIATRA_QUERY_RETE-TEMPLATE,3,StatisticBasedCase,3,32,BasicXform
M2MTransformation2,10,253856904,Memory,BATCH_VIATRA_QUERY_RETE-TEMPLATE,3,StatisticBasedCase,3,32,BasicXform
M2MTransformation2,10,552540176,PeakMemory,BATCH_VIATRA_QUERY_RETE-TEMPLATE,3,StatisticBasedCase,3,32,BasicXform
M2MTransformation2,10,424528696,AverageMemory,BATCH_VIATRA_QUERY_RETE-TEMPLATE,3,StatisticBasedCase,3,32,BasicXform
Modification,11,379385,Time,BATCH_VIATRA_QUERY_RETE-TEMPLATE,4,StatisticBasedCase,3,32,BasicXform
Modification,11,253872320,Memory,BATCH_VIATRA_QUERY_RETE-TEMPLATE,4,StatisticBasedCase,3,32,BasicXform
M2MTransformation2,12,495524207,Time,BATCH_VIATRA_QUERY_RETE-TEMPLATE,4,StatisticBasedCase,3,32,BasicXform
M2MTransformation2,12,253883264,Memory,BATCH_VIATRA_QUERY_RETE-TEMPLATE,4,StatisticBasedCase,3,32,BasicXform
M2MTransformation2,12,552566584,PeakMemory,BATCH_VIATRA_QUERY_RETE-TEMPLATE,4,StatisticBasedCase,3,32,BasicXform
M2MTransformation2,12,424555076,AverageMemory,BATCH_VIATRA_QUERY_RETE-TEMPLATE,4,StatisticBasedCase,3,32,BasicXform
Modification,13,398960,Time,BATCH_VIATRA_QUERY_RETE-TEMPLATE,5,StatisticBasedCase,3,32,BasicXform
Modification,13,253899160,Memory,BATCH_VIATRA_QUERY_RETE-TEMPLATE,5,StatisticBasedCase,3,32,BasicXform
M2MTransformation2,14,583316035,Time,BATCH_VIATRA_QUERY_RETE-TEMPLATE,5,StatisticBasedCase,3,32,BasicXform
M2MTransformation2,14,253909912,Memory,BATCH_VIATRA_QUERY_RETE-TEMPLATE,5,StatisticBasedCase,3,32,BasicXform
M2MTransformation2,14,424582020,AverageMemory,BATCH_VIATRA_QUERY_RETE-TEMPLATE,5,StatisticBasedCase,3,32,BasicXform
M2MTransformation2,14,595543352,PeakMemory,BATCH_VIATRA_QUERY_RETE-TEMPLATE,5,StatisticBasedCase,3,32,BasicXform
EMFResourceInitialization,1,396168,Time,BATCH_VIATRA_QUERY_RETE-TEMPLATE,1,StatisticBasedCase,1,64,BasicXform
EMFResourceInitialization,1,11899128,Memory,BATCH_VIATRA_QUERY_RETE-TEMPLATE,1,StatisticBasedCase,1,64,BasicXform
Generation,2,110186711839,Time,BATCH_VIATRA_QUERY_RETE-TEMPLATE,1,StatisticBasedCase,1,64,BasicXform
Generation,2,2921818992,Memory,BATCH_VIATRA_QUERY_RETE-TEMPLATE,1,StatisticBasedCase,1,64,BasicXform
Initialization,3,12141364336,Time,BATCH_VIATRA_QUERY_RETE-TEMPLATE,1,StatisticBasedCase,1,64,BasicXform
Initialization,3,1515989008,Memory,BATCH_VIATRA_QUERY_RETE-TEMPLATE,1,StatisticBasedCase,1,64,BasicXform
Initialization,3,1314105345,AverageMemory,BATCH_VIATRA_QUERY_RETE-TEMPLATE,1,StatisticBasedCase,1,64,BasicXform
Initialization,3,3238957880,PeakMemory,BATCH_VIATRA_QUERY_RETE-TEMPLATE,1,StatisticBasedCase,1,64,BasicXform
M2MTransformation1,4,640390612,Time,BATCH_VIATRA_QUERY_RETE-TEMPLATE,1,StatisticBasedCase,1,64,BasicXform
M2MTransformation1,4,1608349200,Memory,BATCH_VIATRA_QUERY_RETE-TEMPLATE,1,StatisticBasedCase,1,64,BasicXform
M2MTransformation1,4,1790328700,AverageMemory,BATCH_VIATRA_QUERY_RETE-TEMPLATE,1,StatisticBasedCase,1,64,BasicXform
M2MTransformation1,4,2040857832,PeakMemory,BATCH_VIATRA_QUERY_RETE-TEMPLATE,1,StatisticBasedCase,1,64,BasicXform
Modification,5,1132109,Time,BATCH_VIATRA_QUERY_RETE-TEMPLATE,1,StatisticBasedCase,1,64,BasicXform
Modification,5,1608434776,Memory,BATCH_VIATRA_QUERY_RETE-TEMPLATE,1,StatisticBasedCase,1,64,BasicXform
M2MTransformation2,6,1882866124,Time,BATCH_VIATRA_QUERY_RETE-TEMPLATE,1,StatisticBasedCase,1,64,BasicXform
M2MTransformation2,6,1608450632,Memory,BATCH_VIATRA_QUERY_RETE-TEMPLATE,1,StatisticBasedCase,1,64,BasicXform
M2MTransformation2,6,2235738992,PeakMemory,BATCH_VIATRA_QUERY_RETE-TEMPLATE,1,StatisticBasedCase,1,64,BasicXform
M2MTransformation2,6,1905579114,AverageMemory,BATCH_VIATRA_QUERY_RETE-TEMPLATE,1,StatisticBasedCase,1,64,BasicXform
Modification,7,678855,Time,BATCH_VIATRA_QUERY_RETE-TEMPLATE,2,StatisticBasedCase,1,64,BasicXform
Modification,7,1608479168,Memory,BATCH_VIATRA_QUERY_RETE-TEMPLATE,2,StatisticBasedCase,1,64,BasicXform
M2MTransformation2,8,1667506297,Time,BATCH_VIATRA_QUERY_RETE-TEMPLATE,2,StatisticBasedCase,1,64,BasicXform
M2MTransformation2,8,1608493824,Memory,BATCH_VIATRA_QUERY_RETE-TEMPLATE,2,StatisticBasedCase,1,64,BasicXform
M2MTransformation2,8,1916628605,AverageMemory,BATCH_VIATRA_QUERY_RETE-TEMPLATE,2,StatisticBasedCase,1,64,BasicXform
M2MTransformation2,8,2235782616,PeakMemory,BATCH_VIATRA_QUERY_RETE-TEMPLATE,2,StatisticBasedCase,1,64,BasicXform
Modification,9,946624,Time,BATCH_VIATRA_QUERY_RETE-TEMPLATE,3,StatisticBasedCase,1,64,BasicXform
Modification,9,1608520680,Memory,BATCH_VIATRA_QUERY_RETE-TEMPLATE,3,StatisticBasedCase,1,64,BasicXform
M2MTransformation2,10,1673436501,Time,BATCH_VIATRA_QUERY_RETE-TEMPLATE,3,StatisticBasedCase,1,64,BasicXform
M2MTransformation2,10,1608535416,Memory,BATCH_VIATRA_QUERY_RETE-TEMPLATE,3,StatisticBasedCase,1,64,BasicXform
M2MTransformation2,10,2235823976,PeakMemory,BATCH_VIATRA_QUERY_RETE-TEMPLATE,3,StatisticBasedCase,1,64,BasicXform
M2MTransformation2,10,1916670088,AverageMemory,BATCH_VIATRA_QUERY_RETE-TEMPLATE,3,StatisticBasedCase,1,64,BasicXform
Modification,11,629870,Time,BATCH_VIATRA_QUERY_RETE-TEMPLATE,4,StatisticBasedCase,1,64,BasicXform
Modification,11,1608562360,Memory,BATCH_VIATRA_QUERY_RETE-TEMPLATE,4,StatisticBasedCase,1,64,BasicXform
M2MTransformation2,12,1662975985,Time,BATCH_VIATRA_QUERY_RETE-TEMPLATE,4,StatisticBasedCase,1,64,BasicXform
M2MTransformation2,12,1608577328,Memory,BATCH_VIATRA_QUERY_RETE-TEMPLATE,4,StatisticBasedCase,1,64,BasicXform
M2MTransformation2,12,2235866080,PeakMemory,BATCH_VIATRA_QUERY_RETE-TEMPLATE,4,StatisticBasedCase,1,64,BasicXform
M2MTransformation2,12,1916711864,AverageMemory,BATCH_VIATRA_QUERY_RETE-TEMPLATE,4,StatisticBasedCase,1,64,BasicXform
Modification,13,737491,Time,BATCH_VIATRA_QUERY_RETE-TEMPLATE,5,StatisticBasedCase,1,64,BasicXform
Modification,13,1608604560,Memory,BATCH_VIATRA_QUERY_RETE-TEMPLATE,5,StatisticBasedCase,1,64,BasicXform
M2MTransformation2,14,1666417369,Time,BATCH_VIATRA_QUERY_RETE-TEMPLATE,5,StatisticBasedCase,1,64,BasicXform
M2MTransformation2,14,1608619240,Memory,BATCH_VIATRA_QUERY_RETE-TEMPLATE,5,StatisticBasedCase,1,64,BasicXform
M2MTransformation2,14,2269001552,PeakMemory,BATCH_VIATRA_QUERY_RETE-TEMPLATE,5,StatisticBasedCase,1,64,BasicXform
M2MTransformation2,14,1916754181,AverageMemory,BATCH_VIATRA_QUERY_RETE-TEMPLATE,5,StatisticBasedCase,1,64,BasicXform
EMFResourceInitialization,1,299210,Time,BATCH_VIATRA_QUERY_RETE-TEMPLATE,1,StatisticBasedCase,2,32,BasicXform
EMFResourceInitialization,1,11531000,Memory,BATCH_VIATRA_QUERY_RETE-TEMPLATE,1,StatisticBasedCase,2,32,BasicXform
Generation,2,8527833354,Time,BATCH_VIATRA_QUERY_RETE-TEMPLATE,1,StatisticBasedCase,2,32,BasicXform
Generation,2,334594064,Memory,BATCH_VIATRA_QUERY_RETE-TEMPLATE,1,StatisticBasedCase,2,32,BasicXform
Initialization,3,1187296959,Time,BATCH_VIATRA_QUERY_RETE-TEMPLATE,1,StatisticBasedCase,2,32,BasicXform
Initialization,3,216275248,Memory,BATCH_VIATRA_QUERY_RETE-TEMPLATE,1,StatisticBasedCase,2,32,BasicXform
Initialization,3,631101725,AverageMemory,BATCH_VIATRA_QUERY_RETE-TEMPLATE,1,StatisticBasedCase,2,32,BasicXform
Initialization,3,1000988384,PeakMemory,BATCH_VIATRA_QUERY_RETE-TEMPLATE,1,StatisticBasedCase,2,32,BasicXform
M2MTransformation1,4,293494530,Time,BATCH_VIATRA_QUERY_RETE-TEMPLATE,1,StatisticBasedCase,2,32,BasicXform
M2MTransformation1,4,253741768,Memory,BATCH_VIATRA_QUERY_RETE-TEMPLATE,1,StatisticBasedCase,2,32,BasicXform
M2MTransformation1,4,472285112,PeakMemory,BATCH_VIATRA_QUERY_RETE-TEMPLATE,1,StatisticBasedCase,2,32,BasicXform
M2MTransformation1,4,365614164,AverageMemory,BATCH_VIATRA_QUERY_RETE-TEMPLATE,1,StatisticBasedCase,2,32,BasicXform
Modification,5,682575,Time,BATCH_VIATRA_QUERY_RETE-TEMPLATE,1,StatisticBasedCase,2,32,BasicXform
Modification,5,253757632,Memory,BATCH_VIATRA_QUERY_RETE-TEMPLATE,1,StatisticBasedCase,2,32,BasicXform
M2MTransformation2,6,526060638,Time,BATCH_VIATRA_QUERY_RETE-TEMPLATE,1,StatisticBasedCase,2,32,BasicXform
M2MTransformation2,6,253772032,Memory,BATCH_VIATRA_QUERY_RETE-TEMPLATE,1,StatisticBasedCase,2,32,BasicXform
M2MTransformation2,6,552437320,PeakMemory,BATCH_VIATRA_QUERY_RETE-TEMPLATE,1,StatisticBasedCase,2,32,BasicXform
M2MTransformation2,6,424432044,AverageMemory,BATCH_VIATRA_QUERY_RETE-TEMPLATE,1,StatisticBasedCase,2,32,BasicXform
Modification,7,443402,Time,BATCH_VIATRA_QUERY_RETE-TEMPLATE,2,StatisticBasedCase,2,32,BasicXform
Modification,7,253787776,Memory,BATCH_VIATRA_QUERY_RETE-TEMPLATE,2,StatisticBasedCase,2,32,BasicXform
M2MTransformation2,8,508569034,Time,BATCH_VIATRA_QUERY_RETE-TEMPLATE,2,StatisticBasedCase,2,32,BasicXform
M2MTransformation2,8,253801512,Memory,BATCH_VIATRA_QUERY_RETE-TEMPLATE,2,StatisticBasedCase,2,32,BasicXform
M2MTransformation2,8,552467320,PeakMemory,BATCH_VIATRA_QUERY_RETE-TEMPLATE,2,StatisticBasedCase,2,32,BasicXform
M2MTransformation2,8,424462116,AverageMemory,BATCH_VIATRA_QUERY_RETE-TEMPLATE,2,StatisticBasedCase,2,32,BasicXform
Modification,9,371310,Time,BATCH_VIATRA_QUERY_RETE-TEMPLATE,3,StatisticBasedCase,2,32,BasicXform
Modification,9,253816488,Memory,BATCH_VIATRA_QUERY_RETE-TEMPLATE,3,StatisticBasedCase,2,32,BasicXform
M2MTransformation2,10,493933047,Time,BATCH_VIATRA_QUERY_RETE-TEMPLATE,3,StatisticBasedCase,2,32,BasicXform
M2MTransformation2,10,253830904,Memory,BATCH_VIATRA_QUERY_RETE-TEMPLATE,3,StatisticBasedCase,2,32,BasicXform
M2MTransformation2,10,552496496,PeakMemory,BATCH_VIATRA_QUERY_RETE-TEMPLATE,3,StatisticBasedCase,2,32,BasicXform
M2MTransformation2,10,424491060,AverageMemory,BATCH_VIATRA_QUERY_RETE-TEMPLATE,3,StatisticBasedCase,2,32,BasicXform
Modification,11,396638,Time,BATCH_VIATRA_QUERY_RETE-TEMPLATE,4,StatisticBasedCase,2,32,BasicXform
Modification,11,253845872,Memory,BATCH_VIATRA_QUERY_RETE-TEMPLATE,4,StatisticBasedCase,2,32,BasicXform
M2MTransformation2,12,487148424,Time,BATCH_VIATRA_QUERY_RETE-TEMPLATE,4,StatisticBasedCase,2,32,BasicXform
M2MTransformation2,12,253859840,Memory,BATCH_VIATRA_QUERY_RETE-TEMPLATE,4,StatisticBasedCase,2,32,BasicXform
M2MTransformation2,12,552525352,PeakMemory,BATCH_VIATRA_QUERY_RETE-TEMPLATE,4,StatisticBasedCase,2,32,BasicXform
M2MTransformation2,12,424520192,AverageMemory,BATCH_VIATRA_QUERY_RETE-TEMPLATE,4,StatisticBasedCase,2,32,BasicXform
Modification,13,640390,Time,BATCH_VIATRA_QUERY_RETE-TEMPLATE,5,StatisticBasedCase,2,32,BasicXform
Modification,13,253875672,Memory,BATCH_VIATRA_QUERY_RETE-TEMPLATE,5,StatisticBasedCase,2,32,BasicXform
M2MTransformation2,14,486583647,Time,BATCH_VIATRA_QUERY_RETE-TEMPLATE,5,StatisticBasedCase,2,32,BasicXform
M2MTransformation2,14,253889376,Memory,BATCH_VIATRA_QUERY_RETE-TEMPLATE,5,StatisticBasedCase,2,32,BasicXform
M2MTransformation2,14,552555304,PeakMemory,BATCH_VIATRA_QUERY_RETE-TEMPLATE,5,StatisticBasedCase,2,32,BasicXform
M2MTransformation2,14,424550056,AverageMemory,BATCH_VIATRA_QUERY_RETE-TEMPLATE,5,StatisticBasedCase,2,32,BasicXform
EMFResourceInitialization,1,755042,Time,BATCH_VIATRA_QUERY_RETE-TEMPLATE,1,StatisticBasedCase,3,64,BasicXform
EMFResourceInitialization,1,11897872,Memory,BATCH_VIATRA_QUERY_RETE-TEMPLATE,1,StatisticBasedCase,3,64,BasicXform
Generation,2,118015446907,Time,BATCH_VIATRA_QUERY_RETE-TEMPLATE,1,StatisticBasedCase,3,64,BasicXform
Generation,2,2925578384,Memory,BATCH_VIATRA_QUERY_RETE-TEMPLATE,1,StatisticBasedCase,3,64,BasicXform
Initialization,3,12313261530,Time,BATCH_VIATRA_QUERY_RETE-TEMPLATE,1,StatisticBasedCase,3,64,BasicXform
Initialization,3,1532341192,Memory,BATCH_VIATRA_QUERY_RETE-TEMPLATE,1,StatisticBasedCase,3,64,BasicXform
Initialization,3,3057999480,PeakMemory,BATCH_VIATRA_QUERY_RETE-TEMPLATE,1,StatisticBasedCase,3,64,BasicXform
Initialization,3,1306660982,AverageMemory,BATCH_VIATRA_QUERY_RETE-TEMPLATE,1,StatisticBasedCase,3,64,BasicXform
M2MTransformation1,4,747439044,Time,BATCH_VIATRA_QUERY_RETE-TEMPLATE,1,StatisticBasedCase,3,64,BasicXform
M2MTransformation1,4,1624730640,Memory,BATCH_VIATRA_QUERY_RETE-TEMPLATE,1,StatisticBasedCase,3,64,BasicXform
M2MTransformation1,4,1822600344,AverageMemory,BATCH_VIATRA_QUERY_RETE-TEMPLATE,1,StatisticBasedCase,3,64,BasicXform
M2MTransformation1,4,2089638232,PeakMemory,BATCH_VIATRA_QUERY_RETE-TEMPLATE,1,StatisticBasedCase,3,64,BasicXform
Modification,5,1036386,Time,BATCH_VIATRA_QUERY_RETE-TEMPLATE,1,StatisticBasedCase,3,64,BasicXform
Modification,5,1624759312,Memory,BATCH_VIATRA_QUERY_RETE-TEMPLATE,1,StatisticBasedCase,3,64,BasicXform
M2MTransformation2,6,1763106625,Time,BATCH_VIATRA_QUERY_RETE-TEMPLATE,1,StatisticBasedCase,3,64,BasicXform
M2MTransformation2,6,1624776024,Memory,BATCH_VIATRA_QUERY_RETE-TEMPLATE,1,StatisticBasedCase,3,64,BasicXform
M2MTransformation2,6,2287436840,PeakMemory,BATCH_VIATRA_QUERY_RETE-TEMPLATE,1,StatisticBasedCase,3,64,BasicXform
M2MTransformation2,6,1940320400,AverageMemory,BATCH_VIATRA_QUERY_RETE-TEMPLATE,1,StatisticBasedCase,3,64,BasicXform
Modification,7,1020920,Time,BATCH_VIATRA_QUERY_RETE-TEMPLATE,2,StatisticBasedCase,3,64,BasicXform
Modification,7,1624803592,Memory,BATCH_VIATRA_QUERY_RETE-TEMPLATE,2,StatisticBasedCase,3,64,BasicXform
M2MTransformation2,8,1726174779,Time,BATCH_VIATRA_QUERY_RETE-TEMPLATE,2,StatisticBasedCase,3,64,BasicXform
M2MTransformation2,8,1624818248,Memory,BATCH_VIATRA_QUERY_RETE-TEMPLATE,2,StatisticBasedCase,3,64,BasicXform
M2MTransformation2,8,1950883282,AverageMemory,BATCH_VIATRA_QUERY_RETE-TEMPLATE,2,StatisticBasedCase,3,64,BasicXform
M2MTransformation2,8,2287481096,PeakMemory,BATCH_VIATRA_QUERY_RETE-TEMPLATE,2,StatisticBasedCase,3,64,BasicXform
Modification,9,587835,Time,BATCH_VIATRA_QUERY_RETE-TEMPLATE,3,StatisticBasedCase,3,64,BasicXform
Modification,9,1624845944,Memory,BATCH_VIATRA_QUERY_RETE-TEMPLATE,3,StatisticBasedCase,3,64,BasicXform
M2MTransformation2,10,1723540964,Time,BATCH_VIATRA_QUERY_RETE-TEMPLATE,3,StatisticBasedCase,3,64,BasicXform
M2MTransformation2,10,1624860616,Memory,BATCH_VIATRA_QUERY_RETE-TEMPLATE,3,StatisticBasedCase,3,64,BasicXform
M2MTransformation2,10,2287523848,PeakMemory,BATCH_VIATRA_QUERY_RETE-TEMPLATE,3,StatisticBasedCase,3,64,BasicXform
M2MTransformation2,10,1950925856,AverageMemory,BATCH_VIATRA_QUERY_RETE-TEMPLATE,3,StatisticBasedCase,3,64,BasicXform
Modification,11,638024,Time,BATCH_VIATRA_QUERY_RETE-TEMPLATE,4,StatisticBasedCase,3,64,BasicXform
Modification,11,1624887568,Memory,BATCH_VIATRA_QUERY_RETE-TEMPLATE,4,StatisticBasedCase,3,64,BasicXform
M2MTransformation2,12,1718506023,Time,BATCH_VIATRA_QUERY_RETE-TEMPLATE,4,StatisticBasedCase,3,64,BasicXform
M2MTransformation2,12,1624902536,Memory,BATCH_VIATRA_QUERY_RETE-TEMPLATE,4,StatisticBasedCase,3,64,BasicXform
M2MTransformation2,12,1950967626,AverageMemory,BATCH_VIATRA_QUERY_RETE-TEMPLATE,4,StatisticBasedCase,3,64,BasicXform
M2MTransformation2,12,2319997984,PeakMemory,BATCH_VIATRA_QUERY_RETE-TEMPLATE,4,StatisticBasedCase,3,64,BasicXform
Modification,13,688117,Time,BATCH_VIATRA_QUERY_RETE-TEMPLATE,5,StatisticBasedCase,3,64,BasicXform
Modification,13,1624930448,Memory,BATCH_VIATRA_QUERY_RETE-TEMPLATE,5,StatisticBasedCase,3,64,BasicXform
M2MTransformation2,14,1819925729,Time,BATCH_VIATRA_QUERY_RETE-TEMPLATE,5,StatisticBasedCase,3,64,BasicXform
M2MTransformation2,14,1624945128,Memory,BATCH_VIATRA_QUERY_RETE-TEMPLATE,5,StatisticBasedCase,3,64,BasicXform
M2MTransformation2,14,2287607736,PeakMemory,BATCH_VIATRA_QUERY_RETE-TEMPLATE,5,StatisticBasedCase,3,64,BasicXform
M2MTransformation2,14,1940491461,AverageMemory,BATCH_VIATRA_QUERY_RETE-TEMPLATE,5,StatisticBasedCase,3,64,BasicXform
EMFResourceInitialization,1,222050,Time,BATCH_VIATRA_QUERY_RETE-TEMPLATE,1,StatisticBasedCase,2,64,BasicXform
EMFResourceInitialization,1,11896184,Memory,BATCH_VIATRA_QUERY_RETE-TEMPLATE,1,StatisticBasedCase,2,64,BasicXform
Generation,2,112969203453,Time,BATCH_VIATRA_QUERY_RETE-TEMPLATE,1,StatisticBasedCase,2,64,BasicXform
Generation,2,2925175056,Memory,BATCH_VIATRA_QUERY_RETE-TEMPLATE,1,StatisticBasedCase,2,64,BasicXform
Initialization,3,11650582755,Time,BATCH_VIATRA_QUERY_RETE-TEMPLATE,1,StatisticBasedCase,2,64,BasicXform
Initialization,3,1532337784,Memory,BATCH_VIATRA_QUERY_RETE-TEMPLATE,1,StatisticBasedCase,2,64,BasicXform
Initialization,3,4085628824,PeakMemory,BATCH_VIATRA_QUERY_RETE-TEMPLATE,1,StatisticBasedCase,2,64,BasicXform
Initialization,3,1459387167,AverageMemory,BATCH_VIATRA_QUERY_RETE-TEMPLATE,1,StatisticBasedCase,2,64,BasicXform
M2MTransformation1,4,682539540,Time,BATCH_VIATRA_QUERY_RETE-TEMPLATE,1,StatisticBasedCase,2,64,BasicXform
M2MTransformation1,4,1624711552,Memory,BATCH_VIATRA_QUERY_RETE-TEMPLATE,1,StatisticBasedCase,2,64,BasicXform
M2MTransformation1,4,2110064496,PeakMemory,BATCH_VIATRA_QUERY_RETE-TEMPLATE,1,StatisticBasedCase,2,64,BasicXform
M2MTransformation1,4,1821096648,AverageMemory,BATCH_VIATRA_QUERY_RETE-TEMPLATE,1,StatisticBasedCase,2,64,BasicXform
Modification,5,1170832,Time,BATCH_VIATRA_QUERY_RETE-TEMPLATE,1,StatisticBasedCase,2,64,BasicXform
Modification,5,1624739704,Memory,BATCH_VIATRA_QUERY_RETE-TEMPLATE,1,StatisticBasedCase,2,64,BasicXform
M2MTransformation2,6,1722745120,Time,BATCH_VIATRA_QUERY_RETE-TEMPLATE,1,StatisticBasedCase,2,64,BasicXform
M2MTransformation2,6,1624755224,Memory,BATCH_VIATRA_QUERY_RETE-TEMPLATE,1,StatisticBasedCase,2,64,BasicXform
M2MTransformation2,6,2284759008,PeakMemory,BATCH_VIATRA_QUERY_RETE-TEMPLATE,1,StatisticBasedCase,2,64,BasicXform
M2MTransformation2,6,1954749674,AverageMemory,BATCH_VIATRA_QUERY_RETE-TEMPLATE,1,StatisticBasedCase,2,64,BasicXform
Modification,7,679554,Time,BATCH_VIATRA_QUERY_RETE-TEMPLATE,2,StatisticBasedCase,2,64,BasicXform
Modification,7,1624784344,Memory,BATCH_VIATRA_QUERY_RETE-TEMPLATE,2,StatisticBasedCase,2,64,BasicXform
M2MTransformation2,8,1951213004,Time,BATCH_VIATRA_QUERY_RETE-TEMPLATE,2,StatisticBasedCase,2,64,BasicXform
M2MTransformation2,8,1624799416,Memory,BATCH_VIATRA_QUERY_RETE-TEMPLATE,2,StatisticBasedCase,2,64,BasicXform
M2MTransformation2,8,2284803424,PeakMemory,BATCH_VIATRA_QUERY_RETE-TEMPLATE,2,StatisticBasedCase,2,64,BasicXform
M2MTransformation2,8,1913543098,AverageMemory,BATCH_VIATRA_QUERY_RETE-TEMPLATE,2,StatisticBasedCase,2,64,BasicXform
Modification,9,654699,Time,BATCH_VIATRA_QUERY_RETE-TEMPLATE,3,StatisticBasedCase,2,64,BasicXform
Modification,9,1624827128,Memory,BATCH_VIATRA_QUERY_RETE-TEMPLATE,3,StatisticBasedCase,2,64,BasicXform
M2MTransformation2,10,1689690108,Time,BATCH_VIATRA_QUERY_RETE-TEMPLATE,3,StatisticBasedCase,2,64,BasicXform
M2MTransformation2,10,1624841832,Memory,BATCH_VIATRA_QUERY_RETE-TEMPLATE,3,StatisticBasedCase,2,64,BasicXform
M2MTransformation2,10,1954883442,AverageMemory,BATCH_VIATRA_QUERY_RETE-TEMPLATE,3,StatisticBasedCase,2,64,BasicXform
M2MTransformation2,10,2284915792,PeakMemory,BATCH_VIATRA_QUERY_RETE-TEMPLATE,3,StatisticBasedCase,2,64,BasicXform
Modification,11,1870536,Time,BATCH_VIATRA_QUERY_RETE-TEMPLATE,4,StatisticBasedCase,2,64,BasicXform
Modification,11,1624869408,Memory,BATCH_VIATRA_QUERY_RETE-TEMPLATE,4,StatisticBasedCase,2,64,BasicXform
M2MTransformation2,12,1691540883,Time,BATCH_VIATRA_QUERY_RETE-TEMPLATE,4,StatisticBasedCase,2,64,BasicXform
M2MTransformation2,12,1624884344,Memory,BATCH_VIATRA_QUERY_RETE-TEMPLATE,4,StatisticBasedCase,2,64,BasicXform
M2MTransformation2,12,2284889104,PeakMemory,BATCH_VIATRA_QUERY_RETE-TEMPLATE,4,StatisticBasedCase,2,64,BasicXform
M2MTransformation2,12,1954879570,AverageMemory,BATCH_VIATRA_QUERY_RETE-TEMPLATE,4,StatisticBasedCase,2,64,BasicXform
Modification,13,637801,Time,BATCH_VIATRA_QUERY_RETE-TEMPLATE,5,StatisticBasedCase,2,64,BasicXform
Modification,13,1624912304,Memory,BATCH_VIATRA_QUERY_RETE-TEMPLATE,5,StatisticBasedCase,2,64,BasicXform
M2MTransformation2,14,1680790328,Time,BATCH_VIATRA_QUERY_RETE-TEMPLATE,5,StatisticBasedCase,2,64,BasicXform
M2MTransformation2,14,1624926984,Memory,BATCH_VIATRA_QUERY_RETE-TEMPLATE,5,StatisticBasedCase,2,64,BasicXform
M2MTransformation2,14,2284931584,PeakMemory,BATCH_VIATRA_QUERY_RETE-TEMPLATE,5,StatisticBasedCase,2,64,BasicXform
M2MTransformation2,14,1954922250,AverageMemory,BATCH_VIATRA_QUERY_RETE-TEMPLATE,5,StatisticBasedCase,2,64,BasicXform
EMFResourceInitialization,1,589836,Time,BATCH_VIATRA_QUERY_RETE-TEMPLATE,1,StatisticBasedCase,1,32,BasicXform
EMFResourceInitialization,1,13791800,Memory,BATCH_VIATRA_QUERY_RETE-TEMPLATE,1,StatisticBasedCase,1,32,BasicXform
Generation,2,18647624279,Time,BATCH_VIATRA_QUERY_RETE-TEMPLATE,1,StatisticBasedCase,1,32,BasicXform
Generation,2,776684704,Memory,BATCH_VIATRA_QUERY_RETE-TEMPLATE,1,StatisticBasedCase,1,32,BasicXform
Initialization,3,1987783235,Time,BATCH_VIATRA_QUERY_RETE-TEMPLATE,1,StatisticBasedCase,1,32,BasicXform
Initialization,3,327990744,Memory,BATCH_VIATRA_QUERY_RETE-TEMPLATE,1,StatisticBasedCase,1,32,BasicXform
Initialization,3,1262023944,PeakMemory,BATCH_VIATRA_QUERY_RETE-TEMPLATE,1,StatisticBasedCase,1,32,BasicXform
Initialization,3,597913970,AverageMemory,BATCH_VIATRA_QUERY_RETE-TEMPLATE,1,StatisticBasedCase,1,32,BasicXform
M2MTransformation1,4,301178605,Time,BATCH_VIATRA_QUERY_RETE-TEMPLATE,1,StatisticBasedCase,1,32,BasicXform
M2MTransformation1,4,365989808,Memory,BATCH_VIATRA_QUERY_RETE-TEMPLATE,1,StatisticBasedCase,1,32,BasicXform
M2MTransformation1,4,466278052,AverageMemory,BATCH_VIATRA_QUERY_RETE-TEMPLATE,1,StatisticBasedCase,1,32,BasicXform
M2MTransformation1,4,549250080,PeakMemory,BATCH_VIATRA_QUERY_RETE-TEMPLATE,1,StatisticBasedCase,1,32,BasicXform
Modification,5,714498,Time,BATCH_VIATRA_QUERY_RETE-TEMPLATE,1,StatisticBasedCase,1,32,BasicXform
Modification,5,366032472,Memory,BATCH_VIATRA_QUERY_RETE-TEMPLATE,1,StatisticBasedCase,1,32,BasicXform
M2MTransformation2,6,549892863,Time,BATCH_VIATRA_QUERY_RETE-TEMPLATE,1,StatisticBasedCase,1,32,BasicXform
M2MTransformation2,6,366046656,Memory,BATCH_VIATRA_QUERY_RETE-TEMPLATE,1,StatisticBasedCase,1,32,BasicXform
M2MTransformation2,6,676440232,PeakMemory,BATCH_VIATRA_QUERY_RETE-TEMPLATE,1,StatisticBasedCase,1,32,BasicXform
M2MTransformation2,6,552277432,AverageMemory,BATCH_VIATRA_QUERY_RETE-TEMPLATE,1,StatisticBasedCase,1,32,BasicXform
Modification,7,490670,Time,BATCH_VIATRA_QUERY_RETE-TEMPLATE,2,StatisticBasedCase,1,32,BasicXform
Modification,7,366061200,Memory,BATCH_VIATRA_QUERY_RETE-TEMPLATE,2,StatisticBasedCase,1,32,BasicXform
M2MTransformation2,8,550739747,Time,BATCH_VIATRA_QUERY_RETE-TEMPLATE,2,StatisticBasedCase,1,32,BasicXform
M2MTransformation2,8,366074936,Memory,BATCH_VIATRA_QUERY_RETE-TEMPLATE,2,StatisticBasedCase,1,32,BasicXform
M2MTransformation2,8,681500448,PeakMemory,BATCH_VIATRA_QUERY_RETE-TEMPLATE,2,StatisticBasedCase,1,32,BasicXform
M2MTransformation2,8,555325044,AverageMemory,BATCH_VIATRA_QUERY_RETE-TEMPLATE,2,StatisticBasedCase,1,32,BasicXform
Modification,9,337395,Time,BATCH_VIATRA_QUERY_RETE-TEMPLATE,3,StatisticBasedCase,1,32,BasicXform
Modification,9,366088728,Memory,BATCH_VIATRA_QUERY_RETE-TEMPLATE,3,StatisticBasedCase,1,32,BasicXform
M2MTransformation2,10,504616654,Time,BATCH_VIATRA_QUERY_RETE-TEMPLATE,3,StatisticBasedCase,1,32,BasicXform
M2MTransformation2,10,366102728,Memory,BATCH_VIATRA_QUERY_RETE-TEMPLATE,3,StatisticBasedCase,1,32,BasicXform
M2MTransformation2,10,555352640,AverageMemory,BATCH_VIATRA_QUERY_RETE-TEMPLATE,3,StatisticBasedCase,1,32,BasicXform
M2MTransformation2,10,681528112,PeakMemory,BATCH_VIATRA_QUERY_RETE-TEMPLATE,3,StatisticBasedCase,1,32,BasicXform
Modification,11,419779,Time,BATCH_VIATRA_QUERY_RETE-TEMPLATE,4,StatisticBasedCase,1,32,BasicXform
Modification,11,366116704,Memory,BATCH_VIATRA_QUERY_RETE-TEMPLATE,4,StatisticBasedCase,1,32,BasicXform
M2MTransformation2,12,500615683,Time,BATCH_VIATRA_QUERY_RETE-TEMPLATE,4,StatisticBasedCase,1,32,BasicXform
M2MTransformation2,12,366130672,Memory,BATCH_VIATRA_QUERY_RETE-TEMPLATE,4,StatisticBasedCase,1,32,BasicXform
M2MTransformation2,12,681556152,PeakMemory,BATCH_VIATRA_QUERY_RETE-TEMPLATE,4,StatisticBasedCase,1,32,BasicXform
M2MTransformation2,12,555380660,AverageMemory,BATCH_VIATRA_QUERY_RETE-TEMPLATE,4,StatisticBasedCase,1,32,BasicXform
Modification,13,552616,Time,BATCH_VIATRA_QUERY_RETE-TEMPLATE,5,StatisticBasedCase,1,32,BasicXform
Modification,13,366144808,Memory,BATCH_VIATRA_QUERY_RETE-TEMPLATE,5,StatisticBasedCase,1,32,BasicXform
M2MTransformation2,14,500589662,Time,BATCH_VIATRA_QUERY_RETE-TEMPLATE,5,StatisticBasedCase,1,32,BasicXform
M2MTransformation2,14,366158512,Memory,BATCH_VIATRA_QUERY_RETE-TEMPLATE,5,StatisticBasedCase,1,32,BasicXform
M2MTransformation2,14,681584184,PeakMemory,BATCH_VIATRA_QUERY_RETE-TEMPLATE,5,StatisticBasedCase,1,32,BasicXform
M2MTransformation2,14,555408716,AverageMemory,BATCH_VIATRA_QUERY_RETE-TEMPLATE,5,StatisticBasedCase,1,32,BasicXform
